K-Means,DBSCAN,GMM
0.2850641901721631,0.0,0.2874395263878364
0.46140861826353513,0.0,0.4638620184286134
